{
    "PlayerParamater": {
        "MaxSpeed": 0.20000000298023224,
        "Speed": 0.009999999776482582
    }
}
